,loss,accuracy,val_loss,val_accuracy
0,0.6689922505236686,0.6638298,0.6144987748841108,0.7118644
1,0.6060217903015461,0.6893617,0.5339593836816691,0.7288136
2,0.5350944833552583,0.7319149,0.43505646667238007,0.7627119
3,0.47643400506770356,0.6893617,0.3803973319166798,0.779661
4,0.4331362625385853,0.7829787,0.3470733888068442,0.86440676
5,0.4124507613638614,0.7276596,0.32894613076064544,0.779661
6,0.3717282210258727,0.79148936,0.3033960158542051,0.86440676
7,0.34627056774940895,0.80851066,0.27811454716375317,0.86440676
8,0.3167852654102001,0.8638298,0.2682076965348195,0.84745765
9,0.285655902167584,0.8638298,0.21859728582834792,0.89830506
10,0.25390106769318277,0.89361703,0.18315010833538184,0.9491525
11,0.2275748958930056,0.8978723,0.16004892931146136,0.9491525
12,0.19911977705803324,0.9234043,0.12578986307321968,0.9830508
13,0.17321847131911744,0.94893616,0.31748913102230786,0.8305085
14,0.20725477655675817,0.8851064,0.1680575864294828,0.89830506
15,0.23077088594436646,0.89361703,0.1638923027252747,0.91525424
16,0.1429420402075382,0.9404255,0.11518551207194894,0.9661017
17,0.17824335643585693,0.9021277,0.10126961565623849,0.9661017
18,0.1644207103336428,0.93191487,0.07220097921662412,1.0
19,0.12176991598086154,0.97021276,0.0899478130168834,0.9661017
20,0.11932421282250831,0.96595746,0.07863481645866977,0.9830508
21,0.10509021792640078,0.9744681,0.06686311050996942,0.9830508
22,0.102111631568442,0.97021276,0.059528736239772735,1.0
23,0.10543285813182593,0.97021276,0.06829769025414677,1.0
24,0.09169663869320079,0.9617021,0.04173477215029425,1.0
25,0.09035027076272255,0.97021276,0.08068644482705553,0.9830508
26,0.08414120846527054,0.97021276,0.039152933189929545,1.0
27,0.09134555959955175,0.9617021,0.06567942818342629,0.9830508
28,0.10689291459448794,0.9531915,0.044291054419541766,0.9830508
29,0.10513021619396007,0.94468087,0.035721271851305234,1.0
30,0.07988459778592942,0.9787234,0.05661428782899501,1.0
31,0.06426858826282811,0.97021276,0.026431341197783665,1.0
32,0.06138399827908328,0.9744681,0.047681397111234015,0.9830508
33,0.05769156538584131,0.9744681,0.02178959734737873,1.0
34,0.059596675382728906,0.9829787,0.044976609048701946,0.9830508
35,0.044644949577273205,0.9957447,0.019412906082757447,1.0
36,0.040083348560840525,0.98723406,0.028923426581136252,1.0
37,0.03611231050751311,0.99148935,0.017870821058750153,1.0
38,0.031132967453053658,0.9957447,0.0335232254938554,0.9830508
39,0.03372804348931668,0.98723406,0.016436597111366563,1.0
40,0.032620861864787465,0.98723406,0.023402582569900205,1.0
41,0.021587186972511576,1.0,0.018191240680546075,1.0
42,0.01879987507424456,0.9957447,0.0171201264138444,1.0
43,0.018627279632269067,0.9957447,0.018997217054968162,1.0
44,0.01874239012361207,1.0,0.009543863930186983,1.0
45,0.018976708245959054,0.99148935,0.021701350429300534,1.0
46,0.01590354806406701,1.0,0.011047992137087098,1.0
47,0.014247277077842267,1.0,0.013992893793699095,1.0
48,0.014263384047142686,0.9957447,0.012579467163373858,1.0
49,0.013209556457289356,1.0,0.008129747955412683,1.0
50,0.009312818633352822,1.0,0.014316602349597014,1.0
51,0.009410254217367223,1.0,0.009206180776453625,1.0
52,0.007330976960625737,1.0,0.006867702671531904,1.0
53,0.007181710306000203,1.0,0.006266422281673146,1.0
54,0.007401790196432712,1.0,0.007517186289463761,1.0
55,0.006248725608531187,1.0,0.007801679077447723,1.0
56,0.005559585903315468,1.0,0.006159325927432816,1.0
57,0.004890260690119752,1.0,0.005320108716644473,1.0
58,0.00471485426372036,1.0,0.005450429276452731,1.0
59,0.0044911384780673275,1.0,0.006401882749603335,1.0
60,0.004476834770212782,1.0,0.005186884959970238,1.0
61,0.006235471483755936,1.0,0.005143858034605697,1.0
62,0.004142911835236752,1.0,0.0045495309030353015,1.0
63,0.00339402312095812,1.0,0.0036429806209911228,1.0
64,0.0035263732905460006,1.0,0.004109425564943734,1.0
65,0.0031301875668082466,1.0,0.0035452338634058833,1.0
66,0.0027789383552017364,1.0,0.004129690248361331,1.0
67,0.002754612404734213,1.0,0.003743598032427036,1.0
68,0.0025196816455176534,1.0,0.00371219546897179,1.0
69,0.0024375185628045114,1.0,0.0030559340858895144,1.0
70,0.0022279666720622002,1.0,0.002841353781473965,1.0
71,0.002082045204402443,1.0,0.0027758399541568707,1.0
72,0.0019221117622169488,1.0,0.002689079359820965,1.0
73,0.0017981469943287207,1.0,0.0027383355950636756,1.0
74,0.0016489424762573647,1.0,0.0026962158499064586,1.0
75,0.001641475563086173,1.0,0.0025019449412712227,1.0
76,0.0015012910943775577,1.0,0.002421536517400547,1.0
77,0.0014555804628972955,1.0,0.0022509567315248235,1.0
78,0.0014095960218370198,1.0,0.002273976415103712,1.0
79,0.001311344311552796,1.0,0.002254032770613745,1.0
80,0.0012638026196385753,1.0,0.0023492920494606814,1.0
81,0.0011840528749088024,1.0,0.0022236237902257404,1.0
82,0.0012459237105584644,1.0,0.002007675866233343,1.0
83,0.0011607657404656105,1.0,0.001990182363226915,1.0
84,0.0011000068286096956,1.0,0.0017853673395574472,1.0
85,0.0011524078114196023,1.0,0.0016226612906547863,1.0
86,0.0010304069909405835,1.0,0.0018559697338664052,1.0
87,0.0008464746815003852,1.0,0.0019577293073703237,1.0
88,0.000923525854639283,1.0,0.0016713549700660348,1.0
89,0.0008023498145159968,1.0,0.0015610837095448654,1.0
90,0.0007750331520776641,1.0,0.0014637019381645308,1.0
91,0.0007330465890922921,1.0,0.0014593535037790188,1.0
92,0.0007667190867149212,1.0,0.0014731331473863604,1.0
93,0.0006676757420868949,1.0,0.0013851130517373272,1.0
94,0.0008004486506329255,1.0,0.0013048110280178046,1.0
95,0.0006274031584170904,1.0,0.0014292192388862624,1.0
96,0.0006311862740016721,1.0,0.0012880193737485463,1.0
97,0.0005839165391776949,1.0,0.001259621384186607,1.0
98,0.0005707250717294184,1.0,0.001285925186170123,1.0
99,0.0005887443901961075,1.0,0.001250459398961847,1.0
100,0.0005340348294711998,1.0,0.0010856603118354234,1.0
101,0.0005519046906401661,1.0,0.0010556414238990174,1.0
102,0.0005449029869657565,1.0,0.0012461505105158597,1.0
103,0.0004976413311793449,1.0,0.0010892029104841146,1.0
104,0.0004985414953169194,1.0,0.0009972164713209337,1.0
105,0.0004956682522265993,1.0,0.0011701543748347182,1.0
106,0.00044472853750971325,1.0,0.001092427387494215,1.0
107,0.0004256568794594483,1.0,0.0010579256861277273,1.0
108,0.00044117887960152424,1.0,0.0010711862651386567,1.0
109,0.00038307721917319327,1.0,0.0009593652660950577,1.0
110,0.0003994491991606799,1.0,0.000961819380251454,1.0
111,0.0003624048217774389,1.0,0.0009146768146419456,1.0
112,0.00036174511775978783,1.0,0.0008318090988461213,1.0
113,0.00035109912723976566,1.0,0.0008732698435038802,1.0
114,0.00036220024835239065,1.0,0.0009228970196445362,1.0
115,0.00032749871922746064,1.0,0.0008052934367620086,1.0
116,0.0003420483900396342,1.0,0.0008244986832832476,1.0
117,0.00030421498689820316,1.0,0.0008267881573173928,1.0
118,0.00029653317463445536,1.0,0.0008307785206174447,1.0
119,0.0002974338589255956,1.0,0.0008840915611086777,1.0
120,0.0002847438009376539,1.0,0.0007887849257666997,1.0
121,0.0002615872039855953,1.0,0.0006753013546231313,1.0
122,0.00027282578738138793,1.0,0.0006414854640567328,1.0
123,0.0002645159992290304,1.0,0.0006643957386910126,1.0
124,0.0002600353818010301,1.0,0.0005861941120247909,1.0
125,0.00023586635745348448,1.0,0.0006982856179771045,1.0
126,0.00023185863092100803,1.0,0.0007383317890837473,1.0
127,0.00022636411409389148,1.0,0.0006260998754010346,1.0
128,0.00020461653478745807,1.0,0.0006585543871890769,1.0
129,0.00019577474777953343,1.0,0.0006091538588546011,1.0
130,0.0001872248038899728,1.0,0.000615407918210899,1.0
131,0.00017907080120416953,1.0,0.0005876477004938475,1.0
132,0.0001743677566992119,1.0,0.0005377450824953947,1.0
133,0.00017272194742456626,1.0,0.0005323287354628319,1.0
134,0.00016188430807310495,1.0,0.0005615642378146176,1.0
135,0.00015922608648171707,1.0,0.0005774748347841708,1.0
136,0.000154445744169123,1.0,0.0005338869159459136,1.0
137,0.00014563704694700526,1.0,0.0004696028796172606,1.0
138,0.0001534829282157242,1.0,0.0004519090048773451,1.0
139,0.00015015271579768718,1.0,0.00048115439531718916,1.0
140,0.00013585462107352833,1.0,0.00046177523867207406,1.0
141,0.0001300404799428392,1.0,0.00043343826448909894,1.0
142,0.00012724742806854687,1.0,0.00040207218484345316,1.0
143,0.000125679693352827,1.0,0.00041230032575648217,1.0
144,0.00012025605633909358,1.0,0.0004131170899816394,1.0
145,0.00011649635091592418,1.0,0.0004399514100287441,1.0
146,0.00011252116274455205,1.0,0.00042754232856815965,1.0
147,0.0001093799157620487,1.0,0.00041035382790881666,1.0
148,0.00010615873960635694,1.0,0.000411034640495989,1.0
149,0.00010298655227977198,1.0,0.0003929422439842572,1.0
150,0.00010196458501245906,1.0,0.00038412041674561453,1.0
151,9.642900100864589e-05,1.0,0.00034563635458421927,1.0
152,9.865953738397443e-05,1.0,0.0003473825572192732,1.0
153,9.338714306532564e-05,1.0,0.0003559914027499548,1.0
154,8.894258893672079e-05,1.0,0.000369857265283472,1.0
155,8.835615936209735e-05,1.0,0.000377115894711312,1.0
156,8.598025601810498e-05,1.0,0.00034816536078894494,1.0
157,8.292959792015609e-05,1.0,0.00033473979832922203,1.0
158,8.108742702925736e-05,1.0,0.00033493257161985564,1.0
159,7.938225326336366e-05,1.0,0.0003209724910463546,1.0
160,7.661765283704339e-05,1.0,0.0003349753167609471,1.0
161,7.824961018954166e-05,1.0,0.00035006681379962757,1.0
162,7.344505187226806e-05,1.0,0.0003174343766689979,1.0
163,7.269218252734758e-05,1.0,0.0002999358080545543,1.0
164,6.983105637853906e-05,1.0,0.0002999779947967292,1.0
165,6.805287347115735e-05,1.0,0.0002997724544819271,1.0
166,6.737063158652745e-05,1.0,0.0003038827718706146,1.0
167,6.542478219303798e-05,1.0,0.0002964208943937546,1.0
168,6.405940196387708e-05,1.0,0.00028142109409076265,1.0
169,6.172849266573742e-05,1.0,0.0002826337033060924,1.0
170,6.12402748455234e-05,1.0,0.0002855180663866153,1.0
171,5.990881274672265e-05,1.0,0.0002757222234738608,1.0
172,5.814496821295371e-05,1.0,0.00026735919355059645,1.0
173,5.696577860904422e-05,1.0,0.0002655200080618546,1.0
174,5.5558344676218765e-05,1.0,0.0002626009380160752,1.0
175,5.493733729731212e-05,1.0,0.0002589753201360601,1.0
176,5.343581546030498e-05,1.0,0.0002765920583180436,1.0
177,5.2678749427209275e-05,1.0,0.00026818840518190283,1.0
178,5.100451071097694e-05,1.0,0.00025356655924505027,1.0
179,5.066615338635413e-05,1.0,0.000238535700191278,1.0
180,4.9496564348528604e-05,1.0,0.00024993508455828936,1.0
181,4.799643994626054e-05,1.0,0.00024534758317019885,1.0
182,4.7057778991732814e-05,1.0,0.00024237393878693338,1.0
183,4.601760338892804e-05,1.0,0.00023032602226614194,1.0
184,4.4307380634795955e-05,1.0,0.00021778905028117213,1.0
185,4.47040276683649e-05,1.0,0.00021178985295237154,1.0
186,4.35902868822326e-05,1.0,0.00020946496220796874,1.0
187,4.2483627924973024e-05,1.0,0.00021271681010657012,1.0
188,4.1279392079307764e-05,1.0,0.00021724652149221244,1.0
189,4.071914523940885e-05,1.0,0.00021044138557661394,1.0
190,3.977900821755224e-05,1.0,0.00020891539275846483,1.0
191,3.897713395417668e-05,1.0,0.00021314778166277515,1.0
192,3.913387679742609e-05,1.0,0.00022130229932002495,1.0
193,3.798976791353817e-05,1.0,0.00020893904547847342,1.0
194,3.680111351949311e-05,1.0,0.00019544542808913414,1.0
195,3.633597064416538e-05,1.0,0.00019118591589469393,1.0
196,3.6270890338160596e-05,1.0,0.0001783213173115717,1.0
197,3.5842556764614433e-05,1.0,0.0001790480452917232,1.0
198,3.459860927444211e-05,1.0,0.00018313939459804423,1.0
199,3.384146905947536e-05,1.0,0.0001826670379190453,1.0
200,3.351364356158809e-05,1.0,0.00019542740131836873,1.0
201,3.2884481318413896e-05,1.0,0.00019174612276339943,1.0
202,3.2076855782082584e-05,1.0,0.00017647588948282154,1.0
203,3.1252514445247684e-05,1.0,0.00016750849367087802,1.0
204,3.1287194554139164e-05,1.0,0.00016558833608464968,1.0
205,3.0306961313262365e-05,1.0,0.00017598019182468445,1.0
206,2.9725427857750007e-05,1.0,0.000176660607332636,1.0
207,2.950272649073629e-05,1.0,0.00017767511802711683,1.0
208,2.904171527761525e-05,1.0,0.00017427831486294685,1.0
209,2.849970539132978e-05,1.0,0.00016645726467131526,1.0
210,2.8061443338222664e-05,1.0,0.00016365897583023455,1.0
211,2.75804828870992e-05,1.0,0.00016105087045508622,1.0
212,2.733238240502845e-05,1.0,0.00015032093621920143,1.0
213,2.701355383094856e-05,1.0,0.00015133378489689815,1.0
214,2.6522952054832826e-05,1.0,0.0001511600808583553,1.0
215,2.600391634335578e-05,1.0,0.0001519948216008419,1.0
216,2.557854608810769e-05,1.0,0.00015159884346989418,1.0
217,2.5337031516717114e-05,1.0,0.0001482524255414442,1.0
218,2.4801014122668345e-05,1.0,0.00014533512255137933,1.0
219,2.456315044672378e-05,1.0,0.00014286228391846003,1.0
220,2.4323723436224253e-05,1.0,0.00014308636032106054,1.0
221,2.3914628137061572e-05,1.0,0.00014734503722940059,1.0
222,2.3407444801860232e-05,1.0,0.00014241204345295447,1.0
223,2.3160699570422714e-05,1.0,0.00013764166762207346,1.0
224,2.2889158252779608e-05,1.0,0.0001346753935526437,1.0
225,2.2579352910125113e-05,1.0,0.00013461856248132958,1.0
226,2.2171912875838894e-05,1.0,0.00013474957718167619,1.0
227,2.1889023461900503e-05,1.0,0.00013503160478309944,1.0
228,2.1562152589003164e-05,1.0,0.00013497790371467877,1.0
229,2.121792504064441e-05,1.0,0.00013477669129978326,1.0
230,2.1007882419519562e-05,1.0,0.00013611019566870725,1.0
231,2.0712560908190853e-05,1.0,0.00013387236423899963,1.0
232,2.04458802940319e-05,1.0,0.0001334994452517387,1.0
233,2.015471053458354e-05,1.0,0.00013222124824220004,1.0
234,1.9838866804074063e-05,1.0,0.00013552257746210917,1.0
235,1.965305292926248e-05,1.0,0.0001336333012289488,1.0
236,1.942125375709556e-05,1.0,0.00013159471058377491,1.0
237,1.906809162619538e-05,1.0,0.00012521003807674881,1.0
238,1.8992163325279723e-05,1.0,0.00012021784698583237,1.0
239,1.8631235542806222e-05,1.0,0.0001221961099533581,1.0
240,1.8680768948314003e-05,1.0,0.00012768361329247037,1.0
241,1.8123553131458045e-05,1.0,0.00012451175455881037,1.0
242,1.786209210122445e-05,1.0,0.00012352665773998864,1.0
243,1.7709486968291255e-05,1.0,0.00011977964457678432,1.0
244,1.741163483684625e-05,1.0,0.0001200549540337337,1.0
245,1.718974472701217e-05,1.0,0.00011919285666177314,1.0
246,1.7027835960145743e-05,1.0,0.00011892525609733114,1.0
247,1.6800681281834995e-05,1.0,0.00011737335695462377,1.0
248,1.677552425153021e-05,1.0,0.0001136924615127362,1.0
249,1.6543693562469226e-05,1.0,0.0001166499136531256,1.0
250,1.6207562998231957e-05,1.0,0.0001116571016548008,1.0
251,1.5984888697393546e-05,1.0,0.00011097260869711922,1.0
252,1.5830625322470294e-05,1.0,0.00010865568622078063,1.0
253,1.5609551442042737e-05,1.0,0.00011032898670483689,1.0
254,1.538939686724916e-05,1.0,0.00010957431874685117,1.0
255,1.5239005269324208e-05,1.0,0.0001067783360220778,1.0
256,1.503269168290686e-05,1.0,0.000106173611777071,1.0
257,1.486275625037261e-05,1.0,0.00010525858753249325,1.0
258,1.4700655327110423e-05,1.0,0.00010569093906963382,1.0
259,1.458355811259838e-05,1.0,0.00010747800298165619,1.0
260,1.4459699757045451e-05,1.0,0.0001016369243435462,1.0
261,1.417152030871827e-05,1.0,0.0001001046041938796,1.0
262,1.3982079585827143e-05,1.0,0.0001004143079348901,1.0
263,1.3789011471941349e-05,1.0,0.00010175722600560205,1.0
264,1.3782442936722061e-05,1.0,0.0001045690614927927,1.0
265,1.3500996482570314e-05,1.0,0.00010477774519855857,1.0
266,1.3344548770351622e-05,1.0,0.00010368998444823389,1.0
267,1.3258012238130755e-05,1.0,9.96333477568272e-05,1.0
268,1.3037327988619856e-05,1.0,9.978976537641463e-05,1.0
269,1.2919495746129851e-05,1.0,9.775856220986205e-05,1.0
270,1.2747430622418525e-05,1.0,9.874489888577461e-05,1.0
271,1.263318965666645e-05,1.0,9.7491950042641e-05,1.0
272,1.2461076094621874e-05,1.0,9.752586550086439e-05,1.0
273,1.231793814314826e-05,1.0,9.709306752514657e-05,1.0
274,1.2197788926138682e-05,1.0,9.869748940110508e-05,1.0
275,1.2100261428133037e-05,1.0,9.879509399085644e-05,1.0
276,1.1923970862668245e-05,1.0,9.779714178043601e-05,1.0
277,1.182160429070404e-05,1.0,9.292363254151156e-05,1.0
278,1.1658489862345457e-05,1.0,9.197940338924389e-05,1.0
279,1.1513458168260416e-05,1.0,9.128654768944015e-05,1.0
280,1.139854320694638e-05,1.0,9.121988438691606e-05,1.0
281,1.1280746820842793e-05,1.0,9.086695179236921e-05,1.0
282,1.1142414803814857e-05,1.0,9.077944691005357e-05,1.0
283,1.1025241691002404e-05,1.0,9.048511241170502e-05,1.0
284,1.0908177131220347e-05,1.0,9.021648878133728e-05,1.0
285,1.0815368207833207e-05,1.0,9.055096977860203e-05,1.0
286,1.0740938748138898e-05,1.0,9.045340473645503e-05,1.0
287,1.06663324875123e-05,1.0,8.168985426490801e-05,1.0
288,1.0490312915669378e-05,1.0,8.258566856318917e-05,1.0
289,1.0314992150694146e-05,1.0,8.384770135462069e-05,1.0
290,1.0200673912240359e-05,1.0,8.58005523542041e-05,1.0
291,1.0083980955545136e-05,1.0,8.64227861603791e-05,1.0
292,9.9867905636858e-06,1.0,8.52191177481303e-05,1.0
293,9.876901857112781e-06,1.0,8.292270730619795e-05,1.0
294,9.7311936266859e-06,1.0,7.933138134584454e-05,1.0
295,9.649659518509772e-06,1.0,7.585920763122593e-05,1.0
296,9.639388116874157e-06,1.0,7.512457464684504e-05,1.0
297,9.461269101325826e-06,1.0,7.745798035811877e-05,1.0
298,9.389728572212798e-06,1.0,8.05221930484981e-05,1.0
299,9.251184925001036e-06,1.0,8.159098271049917e-05,1.0
300,9.20115440323493e-06,1.0,7.923823490643171e-05,1.0
301,9.05672698129994e-06,1.0,7.825259496512135e-05,1.0
302,8.95683227080302e-06,1.0,7.785372813255675e-05,1.0
303,8.829458261545291e-06,1.0,7.718164744215694e-05,1.0
304,8.755411200895445e-06,1.0,7.629394117352835e-05,1.0
305,8.739839059590762e-06,1.0,7.417616356857037e-05,1.0
306,8.570600292590283e-06,1.0,7.429786910506664e-05,1.0
307,8.504386185334024e-06,1.0,7.560680849225827e-05,1.0
308,8.452286841775082e-06,1.0,7.633973524916346e-05,1.0
309,8.343040460997454e-06,1.0,7.42771588162306e-05,1.0
310,8.271516650138632e-06,1.0,7.177545392366128e-05,1.0
311,8.201421951525845e-06,1.0,7.226541367221587e-05,1.0
312,8.064436356785047e-06,1.0,6.961103148785049e-05,1.0
313,8.009255787405988e-06,1.0,6.88299495068658e-05,1.0
314,7.937322887160685e-06,1.0,6.915159588446595e-05,1.0
315,7.852177410275041e-06,1.0,6.889867413288596e-05,1.0
316,7.79222879073325e-06,1.0,7.012598601604469e-05,1.0
317,7.69907814019268e-06,1.0,6.990882231270839e-05,1.0
318,7.632757618186124e-06,1.0,7.04253837985731e-05,1.0
319,7.549231699197256e-06,1.0,6.963245900960366e-05,1.0
320,7.4860158815802585e-06,1.0,7.002344261956627e-05,1.0
321,7.407982659370123e-06,1.0,6.999062554576208e-05,1.0
322,7.321820867992814e-06,1.0,7.052166730102464e-05,1.0
323,7.271403584572328e-06,1.0,7.073550805756186e-05,1.0
324,7.225391131059757e-06,1.0,6.86987864702456e-05,1.0
325,7.141329826283177e-06,1.0,6.821853879554803e-05,1.0
326,7.078523045260845e-06,1.0,6.732899300451686e-05,1.0
327,7.007578546969679e-06,1.0,6.795019748620935e-05,1.0
328,6.936695882298061e-06,1.0,6.761247764728269e-05,1.0
329,6.880192695655538e-06,1.0,6.6853015538473e-05,1.0
330,6.8146548751138514e-06,1.0,6.524902369935678e-05,1.0
331,6.769733424354196e-06,1.0,6.368020263696469e-05,1.0
332,6.700102629962357e-06,1.0,6.330527720033927e-05,1.0
333,6.6858205714874825e-06,1.0,6.214084032762912e-05,1.0
334,6.596780984066155e-06,1.0,6.432629091296664e-05,1.0
335,6.521745862823507e-06,1.0,6.512263497809774e-05,1.0
336,6.448444145597874e-06,1.0,6.497183161149748e-05,1.0
337,6.407745403269841e-06,1.0,6.364062211351835e-05,1.0
338,6.3299529388809495e-06,1.0,6.37046988131106e-05,1.0
339,6.335330726990813e-06,1.0,6.618068032829319e-05,1.0
340,6.230468840085644e-06,1.0,6.467127051973105e-05,1.0
341,6.202991644773221e-06,1.0,6.29356787782345e-05,1.0
342,6.1034222953628375e-06,1.0,6.340397531102545e-05,1.0
343,6.038850547833754e-06,1.0,6.22671368854738e-05,1.0
344,5.999467112873235e-06,1.0,6.0572636553935534e-05,1.0
345,5.927351502036122e-06,1.0,6.170124085764332e-05,1.0
346,5.890643861927488e-06,1.0,6.141358587722037e-05,1.0
347,5.897859494886708e-06,1.0,6.35463175674855e-05,1.0
348,5.802137173938544e-06,1.0,6.286634643633294e-05,1.0
349,5.741663327616481e-06,1.0,6.220149703810837e-05,1.0
350,5.706808340067816e-06,1.0,6.01119577406619e-05,1.0
351,5.615495439919772e-06,1.0,5.9537896535310484e-05,1.0
352,5.584437258221442e-06,1.0,5.695173717482495e-05,1.0
353,5.545393193226622e-06,1.0,5.592528513092074e-05,1.0
354,5.486950361413852e-06,1.0,5.6347847553066244e-05,1.0
355,5.43153314635113e-06,1.0,5.8230740412878825e-05,1.0
356,5.397097664443093e-06,1.0,5.983664748212397e-05,1.0
357,5.34387980881915e-06,1.0,5.9556544756868775e-05,1.0
358,5.310674237563867e-06,1.0,5.823880278666812e-05,1.0
359,5.25567271721384e-06,1.0,5.808511919679142e-05,1.0
360,5.208572853936199e-06,1.0,5.7204723566043205e-05,1.0
361,5.1575924660628125e-06,1.0,5.567062007068702e-05,1.0
362,5.15701150648733e-06,1.0,5.392179569768768e-05,1.0
363,5.0779297917541315e-06,1.0,5.456117100871101e-05,1.0
364,5.0379867814704185e-06,1.0,5.665958797643247e-05,1.0
365,4.99973151856969e-06,1.0,5.8802807023127216e-05,1.0
366,4.9600368864512925e-06,1.0,5.724369022681134e-05,1.0
367,4.927391113130732e-06,1.0,5.528994386823196e-05,1.0
368,4.8687411726085825e-06,1.0,5.488520568471389e-05,1.0
369,4.8113545493292125e-06,1.0,5.246946707533641e-05,1.0
370,4.77659903340959e-06,1.0,5.279815805590908e-05,1.0
371,4.738700799184989e-06,1.0,5.252372065793463e-05,1.0
372,4.70580128789384e-06,1.0,5.205679970119598e-05,1.0
373,4.635360085345344e-06,1.0,5.348811019002361e-05,1.0
374,4.608377998146294e-06,1.0,5.4575692737193616e-05,1.0
375,4.5859163985872505e-06,1.0,5.483646671533371e-05,1.0
376,4.565044462729117e-06,1.0,5.55270642900908e-05,1.0
377,4.525406506764797e-06,1.0,5.5760341422421214e-05,1.0
378,4.494510301597945e-06,1.0,5.447339933614446e-05,1.0
379,4.445631414436069e-06,1.0,5.417039577323367e-05,1.0
380,4.412425963156683e-06,1.0,5.4035821564974546e-05,1.0
381,4.3831079350871115e-06,1.0,5.137809745388888e-05,1.0
382,4.330311319674675e-06,1.0,5.052117637082489e-05,1.0
383,4.298547334288509e-06,1.0,5.037532762305661e-05,1.0
384,4.261170513618321e-06,1.0,5.0316034846326736e-05,1.0
385,4.245808802932786e-06,1.0,5.132313899748161e-05,1.0
386,4.197789205639484e-06,1.0,5.02601103716635e-05,1.0
387,4.163709028661133e-06,1.0,4.968098618272791e-05,1.0
388,4.1403565158487525e-06,1.0,4.915228685804631e-05,1.0
389,4.095408516672676e-06,1.0,4.939494599087901e-05,1.0
390,4.078531569672471e-06,1.0,4.884040535894894e-05,1.0
391,4.0371714466674984e-06,1.0,4.896851105976088e-05,1.0
392,4.01011165894064e-06,1.0,4.9718665226372015e-05,1.0
393,3.97808630841029e-06,1.0,4.911816805453504e-05,1.0
394,3.950148612376624e-06,1.0,4.9240319775258366e-05,1.0
395,3.9141186731440225e-06,1.0,4.8640892963071645e-05,1.0
396,3.888785012679093e-06,1.0,4.7985722237896526e-05,1.0
397,3.859247101052296e-06,1.0,4.755724706737348e-05,1.0
398,3.843727248498366e-06,1.0,4.7054526476131286e-05,1.0
399,3.8107695643780157e-06,1.0,4.767525935784437e-05,1.0
400,3.7768571812503455e-06,1.0,4.7424168126210936e-05,1.0
401,3.7453943421380555e-06,1.0,4.716441379375699e-05,1.0
402,3.734889944408156e-06,1.0,4.480670656710695e-05,1.0
403,3.6967576645420584e-06,1.0,4.456008112980672e-05,1.0
404,3.669841515467e-06,1.0,4.4610506323559836e-05,1.0
405,3.634551974252471e-06,1.0,4.457657387204455e-05,1.0
406,3.6078077334636e-06,1.0,4.412730621710179e-05,1.0
407,3.5787123100275727e-06,1.0,4.405780550113978e-05,1.0
408,3.548287708946055e-06,1.0,4.4611121712339314e-05,1.0
409,3.5322646483032163e-06,1.0,4.546087816996047e-05,1.0
410,3.502159850201069e-06,1.0,4.47913615012035e-05,1.0
411,3.473176284000572e-06,1.0,4.5084405908294116e-05,1.0
412,3.453789683851241e-06,1.0,4.454263269747309e-05,1.0
413,3.431415308946174e-06,1.0,4.404548022163091e-05,1.0
414,3.3994997640083384e-06,1.0,4.4625410028255815e-05,1.0
415,3.376344524285548e-06,1.0,4.444692697850738e-05,1.0
416,3.345902915169334e-06,1.0,4.535603110433208e-05,1.0
417,3.3303598355176176e-06,1.0,4.5991119712475746e-05,1.0
418,3.300319775085069e-06,1.0,4.5216959485237486e-05,1.0
419,3.271251393635658e-06,1.0,4.4391054953941146e-05,1.0
420,3.2492320370847857e-06,1.0,4.3574618019701414e-05,1.0
421,3.221059343675424e-06,1.0,4.3159498545719543e-05,1.0
422,3.211733113122581e-06,1.0,4.237723169738937e-05,1.0
423,3.1779014781274414e-06,1.0,4.173041734594659e-05,1.0
424,3.1533189212012155e-06,1.0,4.183487016489072e-05,1.0
425,3.1320407210745195e-06,1.0,4.1735286393273876e-05,1.0
426,3.103933892255535e-06,1.0,4.0592993155707705e-05,1.0
427,3.092222903704053e-06,1.0,4.05038705443754e-05,1.0
428,3.0643655221904332e-06,1.0,4.0527053221336186e-05,1.0
429,3.050042379711274e-06,1.0,4.1771282517170916e-05,1.0
430,3.010935860731208e-06,1.0,4.204677971926176e-05,1.0
431,2.9939368339020146e-06,1.0,4.2474778921533176e-05,1.0
432,2.9625918684476035e-06,1.0,4.054417787355598e-05,1.0
433,2.9334870842875597e-06,1.0,4.005145793575663e-05,1.0
434,2.9175276974088543e-06,1.0,3.968309572312939e-05,1.0
435,2.9030253699602326e-06,1.0,3.822703766187352e-05,1.0
436,2.878341046200748e-06,1.0,3.7956139217616724e-05,1.0
437,2.858935380224485e-06,1.0,3.814805420923653e-05,1.0
438,2.841682670954753e-06,1.0,3.741010664849085e-05,1.0
439,2.823249855901714e-06,1.0,3.7410149895734675e-05,1.0
440,2.798324867114843e-06,1.0,3.834883317475772e-05,1.0
441,2.774389377904338e-06,1.0,3.887115033425505e-05,1.0
442,2.7520295337493967e-06,1.0,3.9117470649571106e-05,1.0
443,2.734170975406627e-06,1.0,4.1084680003870624e-05,1.0
444,2.73327298786887e-06,1.0,4.184359680509214e-05,1.0
445,2.701131143112434e-06,1.0,4.110012500050443e-05,1.0
446,2.678412004889709e-06,1.0,4.114083050530931e-05,1.0
447,2.6625731423221024e-06,1.0,4.0705673500732226e-05,1.0
448,2.6403665116204333e-06,1.0,4.0226686268150676e-05,1.0
449,2.6231096540491406e-06,1.0,4.013717750502233e-05,1.0
450,2.6011135918103736e-06,1.0,3.9376593748383424e-05,1.0
451,2.582168568512722e-06,1.0,3.8552110607008097e-05,1.0
452,2.5646463978366102e-06,1.0,3.852470980923422e-05,1.0
453,2.546224407117908e-06,1.0,3.838004987702041e-05,1.0
454,2.5301861564622277e-06,1.0,3.8442608787960834e-05,1.0
455,2.512985192540927e-06,1.0,3.8553006599952716e-05,1.0
456,2.4960697383574642e-06,1.0,3.81752560955092e-05,1.0
457,2.48839684048862e-06,1.0,3.7434161764024994e-05,1.0
458,2.459278491980822e-06,1.0,3.7189004291638225e-05,1.0
459,2.4468352673098473e-06,1.0,3.7318887237588416e-05,1.0
460,2.4278363115810976e-06,1.0,3.7165437915819445e-05,1.0
461,2.4101318965048004e-06,1.0,3.7055619338265755e-05,1.0
462,2.3878581065131816e-06,1.0,3.76818167628159e-05,1.0
463,2.3737452533594558e-06,1.0,3.768735613856872e-05,1.0
464,2.357920657280548e-06,1.0,3.7741403539488815e-05,1.0
465,2.3433058134848598e-06,1.0,3.79080332488414e-05,1.0
466,2.3235440920038952e-06,1.0,3.725158334441788e-05,1.0
467,2.308709747709106e-06,1.0,3.656273785532379e-05,1.0
468,2.3283728083658793e-06,1.0,3.789066643787657e-05,1.0
469,2.275138876697422e-06,1.0,3.632368039665904e-05,1.0
470,2.2576915142131024e-06,1.0,3.581861586222288e-05,1.0
471,2.2444512417658846e-06,1.0,3.568115213727004e-05,1.0
472,2.224423495987294e-06,1.0,3.6134646244922264e-05,1.0
473,2.2142145311629566e-06,1.0,3.622686210746906e-05,1.0
474,2.1980066101585836e-06,1.0,3.502460173560887e-05,1.0
475,2.1827858411578495e-06,1.0,3.4902784595248965e-05,1.0
476,2.1681306329713712e-06,1.0,3.473497241175518e-05,1.0
477,2.1552808675551205e-06,1.0,3.457911543591763e-05,1.0
478,2.1430671785446007e-06,1.0,3.4510010687357615e-05,1.0
479,2.1218623555312738e-06,1.0,3.431552954294849e-05,1.0
480,2.1087737994993733e-06,1.0,3.45263969474202e-05,1.0
481,2.0952862232274552e-06,1.0,3.459150482902229e-05,1.0
482,2.093357947997186e-06,1.0,3.359760729628021e-05,1.0
483,2.069131913961602e-06,1.0,3.3693971869008425e-05,1.0
484,2.056527860754323e-06,1.0,3.3494087027343165e-05,1.0
485,2.038926732951795e-06,1.0,3.388973957460282e-05,1.0
486,2.0319538692847153e-06,1.0,3.42456435615624e-05,1.0
487,2.0128005206622237e-06,1.0,3.2339475578121016e-05,1.0
488,2.006178597378281e-06,1.0,3.1564510255382134e-05,1.0
489,1.9942220350980702e-06,1.0,3.150292759065929e-05,1.0
490,1.9745248006616514e-06,1.0,3.222944562783257e-05,1.0
491,1.960551622552033e-06,1.0,3.2551117249691375e-05,1.0
492,1.9410424653814324e-06,1.0,3.3171772907211314e-05,1.0
493,1.9427425634584074e-06,1.0,3.422368382162257e-05,1.0
494,1.9196889955677992e-06,1.0,3.404121224644707e-05,1.0
495,1.905797590223572e-06,1.0,3.4326566060757366e-05,1.0
496,1.8974077156696134e-06,1.0,3.3215655161395756e-05,1.0
497,1.876781170431833e-06,1.0,3.2982904038794526e-05,1.0
498,1.8766664923416412e-06,1.0,3.2384560835591896e-05,1.0
499,1.8554406314580504e-06,1.0,3.32399564176046e-05,1.0
500,1.8426989401361541e-06,1.0,3.4189369056687196e-05,1.0
501,1.829378971764372e-06,1.0,3.412489147899963e-05,1.0
502,1.8177811253213379e-06,1.0,3.4102546747254885e-05,1.0
503,1.8071217769481054e-06,1.0,3.425797892066192e-05,1.0
504,1.7967126795872204e-06,1.0,3.3878151428988364e-05,1.0
505,1.7833242209428833e-06,1.0,3.368472660679537e-05,1.0
506,1.773576848384611e-06,1.0,3.318160791796815e-05,1.0
507,1.7613048027108542e-06,1.0,3.291400361534878e-05,1.0
508,1.756033330782381e-06,1.0,3.386265920029072e-05,1.0
509,1.7439084904544097e-06,1.0,3.398096048559344e-05,1.0
510,1.7291080657161458e-06,1.0,3.3562897353006566e-05,1.0
511,1.715975796490424e-06,1.0,3.312326820979267e-05,1.0
512,1.7044224238545329e-06,1.0,3.289106354899004e-05,1.0
513,1.6947433125624037e-06,1.0,3.2543167886399454e-05,1.0
514,1.6831216513271507e-06,1.0,3.237458760861693e-05,1.0
515,1.6754279656990857e-06,1.0,3.2950154287830675e-05,1.0
516,1.664187975427225e-06,1.0,3.281723501694136e-05,1.0
517,1.6482428490467391e-06,1.0,3.179593937155436e-05,1.0
518,1.6409098581022513e-06,1.0,3.115228597183794e-05,1.0
519,1.6342033461871731e-06,1.0,3.065556348370222e-05,1.0
520,1.6205582529011657e-06,1.0,3.0725089945879176e-05,1.0
521,1.6123159878859834e-06,1.0,3.0377757347219288e-05,1.0
522,1.6001479862291276e-06,1.0,3.0478264359047343e-05,1.0
523,1.5889440419414313e-06,1.0,3.057745099556349e-05,1.0
524,1.5892348731908219e-06,1.0,3.1483306756044994e-05,1.0
525,1.571483137903418e-06,1.0,3.070836088724364e-05,1.0
526,1.5602504714827755e-06,1.0,3.102935278609763e-05,1.0
527,1.5481025989271423e-06,1.0,3.104060041458347e-05,1.0
528,1.538313123053237e-06,1.0,3.106906879342421e-05,1.0
529,1.5272281861472676e-06,1.0,2.9405599568459148e-05,1.0
530,1.519329580961757e-06,1.0,2.836018509955373e-05,1.0
531,1.515886281188788e-06,1.0,2.7962612896086067e-05,1.0
532,1.5040484457015137e-06,1.0,2.7844588799526117e-05,1.0
533,1.496062817837578e-06,1.0,2.8039329095972174e-05,1.0
534,1.479048568431521e-06,1.0,2.7973646192125577e-05,1.0
535,1.469574094263659e-06,1.0,2.8182162408276042e-05,1.0
536,1.4582110834646998e-06,1.0,2.843775853962451e-05,1.0
537,1.457761421059989e-06,1.0,2.9057398060335107e-05,1.0
538,1.4466269241912665e-06,1.0,2.81599485580215e-05,1.0
539,1.4332981650943626e-06,1.0,2.7958426077691262e-05,1.0
540,1.4232265400889756e-06,1.0,2.8130889700343563e-05,1.0
541,1.41681585154537e-06,1.0,2.7976758960865144e-05,1.0
542,1.409067980351578e-06,1.0,2.7565614084709276e-05,1.0
543,1.3985396130823226e-06,1.0,2.7813138785859337e-05,1.0
544,1.3890010652999614e-06,1.0,2.7720633024766695e-05,1.0
545,1.3800049310567433e-06,1.0,2.7987311996493173e-05,1.0
546,1.3733338713539892e-06,1.0,2.8163037195284587e-05,1.0
547,1.3628298896695383e-06,1.0,2.8262871628073098e-05,1.0
548,1.3538026808980267e-06,1.0,2.8235287989106944e-05,1.0
549,1.3466042122324345e-06,1.0,2.8072415147053722e-05,1.0
550,1.3404456266703455e-06,1.0,2.8289801750777432e-05,1.0
551,1.3298002720167711e-06,1.0,2.827112328948376e-05,1.0
552,1.3224971552217733e-06,1.0,2.8624104501532355e-05,1.0
553,1.3206707922592535e-06,1.0,2.9020958438303427e-05,1.0
554,1.3093952753343786e-06,1.0,2.880488865187899e-05,1.0
555,1.3017841933531678e-06,1.0,2.8323651348674208e-05,1.0
556,1.291756616604076e-06,1.0,2.811546530896737e-05,1.0
557,1.2854762218844274e-06,1.0,2.8063203330930264e-05,1.0
558,1.2749479802980877e-06,1.0,2.74075457216402e-05,1.0
559,1.2718983554050477e-06,1.0,2.6921391283502674e-05,1.0
560,1.2623357295214715e-06,1.0,2.689387740682663e-05,1.0
561,1.2557074528365077e-06,1.0,2.647192137100458e-05,1.0
562,1.245872725972886e-06,1.0,2.662436083378992e-05,1.0
563,1.2468347405467982e-06,1.0,2.7431768153369145e-05,1.0
564,1.2319205678339014e-06,1.0,2.736310394226875e-05,1.0
565,1.2277311115928782e-06,1.0,2.709361606359719e-05,1.0
566,1.219268663715682e-06,1.0,2.7277751022689174e-05,1.0
567,1.2125914331155651e-06,1.0,2.678859417586463e-05,1.0
568,1.2060390639529497e-06,1.0,2.695328002045691e-05,1.0
569,1.196573544861012e-06,1.0,2.6606452689459004e-05,1.0
570,1.1916143353602742e-06,1.0,2.6342502422467385e-05,1.0
571,1.182623616919142e-06,1.0,2.6437699662599668e-05,1.0
572,1.1773627606805562e-06,1.0,2.7075078157772854e-05,1.0
573,1.1706989186406762e-06,1.0,2.717045730551652e-05,1.0
574,1.1644366708801401e-06,1.0,2.6852805389145203e-05,1.0
575,1.1561532734341633e-06,1.0,2.663229017085634e-05,1.0
576,1.1504676543134996e-06,1.0,2.6738400273165623e-05,1.0
577,1.1426179487494566e-06,1.0,2.598606129121266e-05,1.0
578,1.1361472771835195e-06,1.0,2.5660302972452067e-05,1.0
579,1.1307265699869316e-06,1.0,2.5223504934983486e-05,1.0
580,1.1262453194541059e-06,1.0,2.553541035263537e-05,1.0
581,1.1183793958480236e-06,1.0,2.566804388321944e-05,1.0
582,1.1117166745759248e-06,1.0,2.5228719058474272e-05,1.0
583,1.1048252677850774e-06,1.0,2.520670208106544e-05,1.0
584,1.098176415112864e-06,1.0,2.5226681291276353e-05,1.0
585,1.0952876322262043e-06,1.0,2.4568584428757507e-05,1.0
586,1.0870924501688855e-06,1.0,2.4491550191869772e-05,1.0
587,1.081477492508829e-06,1.0,2.427881278150781e-05,1.0
588,1.0734430848316076e-06,1.0,2.4391272609714717e-05,1.0
589,1.068303179471649e-06,1.0,2.4622679819011386e-05,1.0
590,1.0626592885718638e-06,1.0,2.469458546055787e-05,1.0
591,1.056776954526945e-06,1.0,2.4758533416550533e-05,1.0
592,1.0496863164965536e-06,1.0,2.4628546747739536e-05,1.0
593,1.0447638773102687e-06,1.0,2.45136135515815e-05,1.0
594,1.0393726799588392e-06,1.0,2.4673861250864892e-05,1.0
595,1.033665384579279e-06,1.0,2.4928853935369077e-05,1.0
596,1.0273491812874473e-06,1.0,2.5149025181605593e-05,1.0
597,1.0202927817414441e-06,1.0,2.5080449956468806e-05,1.0
598,1.0142350195648702e-06,1.0,2.517856326687899e-05,1.0
599,1.0091895864874498e-06,1.0,2.4844284002090533e-05,1.0
